Ref, NombreActiv, Descripcion, Duracion, Costo, Ciudad, Departamento, FechaAlta, Ref.Proveedor, Estado, Imagen
A1, Degusta, Festival gastronómico de productos locales en Rocha, 3, 800, Rocha, Rocha, 20/7/2022, U11, Confirmada, Degusta.jpg
A2, Teatro con Sabores, En el mes aniversario del Club Deportivo Unión de Rocha te invitamos a una merienda deliciosa., 3, 500, Rocha, Rocha, 21/7/2022, U11, Confirmada, Teatro_con_sabores.jpg
A3, Tour por Colonia del Sacramento, Con guía especializado y en varios idiomas. Varios circuitos posibles., 2, 400, Colonia del Sacramento, Colonia, 1/8/2022, U13, Confirmada, Tour_por_Colonia_del_Sacramento.jpg
A4, Almuerzo en el Real de San Carlos, Restaurante en la renovada Plaza de Toros con menú internacional, 2, 800, Colonia del Sacramento, Colonia, 1/8/2022, U13, Confirmada, Almuerzo_en_el_Real_de_San_Carlos.jpg
A5, Almuerzo en Valle del Lunarejo, Almuerzo en la Posada con ticket fijo. Menú que incluye bebida y postre casero., 2, 300, Tranqueras, Rivera, 1/8/2022, U12, Confirmada, Almuerzo_en_Valle_del_Lunarejo.jpg
A6, Cabalgata en Valle del Lunarejo, Cabalgata por el área protegida. Varios recorridos para elegir., 2, 150, Tranqueras, Rivera, 1/8/2022, U12, Confirmada, Cabalgata_en_Valle_del_Lunarejo.jpg
A7, Bus turístico Colonia, Recorrida por los principales atractivos de la ciudad, 3, 600, Colonia del Sacramento, Colonia, 1/9/2022, U13, Agregada, Bus_turistico_Colonia.jpg
A8, Colonia Premium Tour, Visita lugares exclusivos y relevantes, 4, 2600, Colonia del Sacramento, Colonia, 3/9/2022, U13, Rechazada, Colonia_Premium_Tour.jpg
A9, Deportes nauticos sin uso de motor, kitsurf - windsurf - kayakismo - canotaje en Rocha, 3, 1200, Rocha, Rocha, 5/9/2022, U11, Agregada, Deportes_nauticos_sin_uso_de_motor.jpg
A10, Descubre Rivera, Rivera es un departamento de extraordinaria riqueza natural patrimonial y cultural con una ubicación geográfica privilegiada, 2, 650, Rivera, Rivera, 16/9/2022, U12, Rechazada, Descubre_Rivera.jpg