Ref, NombreActiv, Descripcion, Duracion, Costo, Ciudad, Departamento, FechaAlta, Ref.Proveedor
A1, Degusta, Festival gastronómico de productos locales en Rocha, 3, 800, Rocha, Rocha, 20/7/2022, U11
A2, Teatro con Sabores, En el mes aniversario del Club Deportivo Unión de Rocha te invitamos a una merienda deliciosa., 3, 500, Rocha, Rocha, 21/7/2022, U11
A3, Tour por Colonia del Sacramento, Con guía especializado y en varios idiomas. Varios circuitos posibles., 2, 400, Colonia del Sacramento, Colonia, 1/8/2022, U13
A4, Almuerzo en el Real de San Carlos, Restaurante en la renovada Plaza de Toros con menú internacional, 2, 800, Colonia del Sacramento, Colonia, 1/8/2022, U13
A5, Almuerzo en Valle del Lunarejo, Almuerzo en la Posada con ticket fijo. Menú que incluye bebida y postre casero., 2, 300, Tranqueras, Rivera, 1/8/2022, U12
A6, Cabalgata en Valle del Lunarejo, Cabalgata por el área protegida. Varios recorridos para elegir., 2, 150, Tranqueras, Rivera, 1/8/2022, U12